time_ms,soma_mv,middle_mv,tip_mv
0.000000000000000000e+00,-6.500000000000000000e+01,-6.500000000000000000e+01,-6.500000000000000000e+01
2.500000000000000139e-02,-6.499942375921450832e+01,-6.499989209440639115e+01,-6.499996179061569990e+01
5.000000000000000278e-02,-6.499892104991532449e+01,-6.499970277958732368e+01,-6.499986526111048590e+01
7.499999999999999722e-02,-6.499846493990946783e+01,-6.499946511673310567e+01,-6.499971234099301398e+01
9.999999999999999167e-02,-6.499804207012726920e+01,-6.499919889472297996e+01,-6.499951407999215292e+01
1.249999999999999861e-01,-6.499764416306415171e+01,-6.499891546237054740e+01,-6.499928250790543416e+01
1.499999999999999944e-01,-6.499726560351666649e+01,-6.499862179661269579e+01,-6.499902775314691894e+01
1.750000000000000167e-01,-6.499690242622672542e+01,-6.499832247828885556e+01,-6.499875758170156814e+01
2.000000000000000389e-01,-6.499655177698750208e+01,-6.499802063355691928e+01,-6.499847771441176292e+01
2.250000000000000611e-01,-6.499621157966129203e+01,-6.499771843302552554e+01,-6.499819228655900361e+01
2.500000000000000555e-01,-6.499588031297719226e+01,-6.499741739059096801e+01,-6.499790425644492586e+01
2.750000000000000777e-01,-6.499555685477814393e+01,-6.499711855874578248e+01,-6.499761572493542872e+01
3.000000000000000999e-01,-6.499524037126870724e+01,-6.499682266272353104e+01,-6.499732817366422921e+01
3.250000000000001221e-01,-6.499493023757275978e+01,-6.499653019491992723e+01,-6.499704263907997870e+01
3.500000000000001443e-01,-6.499462598051282214e+01,-6.499624148209376528e+01,-6.499675983849576255e+01
3.750000000000001665e-01,-6.499432723730537020e+01,-6.499595673341191571e+01,-6.499648026099825415e+01
4.000000000000001887e-01,-6.499403372570398574e+01,-6.499567607484712539e+01,-6.499620423286860671e+01
4.250000000000002109e-01,-6.499374522239314445e+01,-6.499539957380112298e+01,-6.499593196459329647e+01
4.500000000000002331e-01,-6.499346154733494529e+01,-6.499512725671195312e+01,-6.499566358460471349e+01
4.750000000000002554e-01,-6.499318255241402653e+01,-6.499485912162276691e+01,-6.499539916346631685e+01
5.000000000000002220e-01,-6.499290811318783767e+01,-6.499459514713288399e+01,-6.499513873118281992e+01
5.250000000000001332e-01,-6.499263812288191389e+01,-6.499433529875275894e+01,-6.499488228956705882e+01
5.500000000000000444e-01,-6.499237248800939426e+01,-6.499407953339787980e+01,-6.499462982105502817e+01
5.749999999999999556e-01,-6.499211112516668720e+01,-6.499382780255031378e+01,-6.499438129497083594e+01
5.999999999999998668e-01,-6.499185395868174453e+01,-6.499358005446792674e+01,-6.499413667196307642e+01
6.249999999999997780e-01,-6.499160091888130353e+01,-6.499333623571435226e+01,-6.499389590713100517e+01
6.499999999999996891e-01,-6.499135194080803046e+01,-6.499309629220591944e+01,-6.499365895221409062e+01
6.749999999999996003e-01,-6.499110696326557957e+01,-6.499286016991609927e+01,-6.499342575711288816e+01
6.999999999999995115e-01,-6.499086592810301966e+01,-6.499262781533833788e+01,-6.499319627093380802e+01
7.249999999999994227e-01,-6.499062877967463692e+01,-6.499239917577932601e+01,-6.499297044269621892e+01
7.499999999999993339e-01,-6.499039546442860171e+01,-6.499217419953430408e+01,-6.499274822180079525e+01
7.749999999999992450e-01,-6.499016593059073443e+01,-6.499195283598089645e+01,-6.499252955833000556e+01
7.999999999999991562e-01,-6.498994012791892771e+01,-6.499173503561773657e+01,-6.499231440323154629e+01
8.249999999999990674e-01,-6.498971800751016303e+01,-6.499152075006612961e+01,-6.499210270842070258e+01
8.499999999999989786e-01,-6.498949952164709032e+01,-6.499130993204788354e+01,-6.499189442682740037e+01
8.749999999999988898e-01,-6.498928462367453562e+01,-6.499110253534820458e+01,-6.499168951240615399e+01
8.999999999999988010e-01,-6.498907326789890249e+01,-6.499089851477013724e+01,-6.499148792012157116e+01
9.249999999999987121e-01,-6.498886540950518054e+01,-6.499069782608462731e+01,-6.499128960591870907e+01
9.499999999999986233e-01,-6.498866100448772443e+01,-6.499050042597940546e+01,-6.499109452668417930e+01
9.749999999999985345e-01,-6.498846000959181879e+01,-6.499030627200825450e+01,-6.499090264020256313e+01
9.999999999999984457e-01,-6.498826238226386920e+01,-6.499011532254222345e+01,-6.499071390511096524e+01
1.024999999999998357e+00,-6.498806808060861329e+01,-6.498992753672325762e+01,-6.499052828085351052e+01
1.049999999999998268e+00,-6.498787706335188830e+01,-6.498974287442081277e+01,-6.499034572763733308e+01
1.074999999999998179e+00,-6.498768928980821613e+01,-6.498956129619151056e+01,-6.499016620639046948e+01
1.099999999999998090e+00,-6.498750471985219690e+01,-6.498938276324196295e+01,-6.498998967872239518e+01
1.124999999999998002e+00,-6.498732331389322781e+01,-6.498920723739459504e+01,-6.498981610688719002e+01
1.149999999999997913e+00,-6.498714503285303579e+01,-6.498903468105638126e+01,-6.498964545374950319e+01
1.174999999999997824e+00,-6.498696983814558337e+01,-6.498886505719030993e+01,-6.498947768275328940e+01
1.199999999999997735e+00,-6.498679769165906350e+01,-6.498869832928940582e+01,-6.498931275789307449e+01
1.224999999999997646e+00,-6.498662855573964237e+01,-6.498853446135299805e+01,-6.498915064368777905e+01
1.249999999999997558e+00,-6.498646239317685058e+01,-6.498837341786529009e+01,-6.498899130515680156e+01
1.274999999999997469e+00,-6.498629916719031030e+01,-6.498821516377570617e+01,-6.498883470779819049e+01
1.299999999999997380e+00,-6.498613884141767016e+01,-6.498805966448114191e+01,-6.498868081756886284e+01
1.324999999999997291e+00,-6.498598137990360613e+01,-6.498790688580973551e+01,-6.498852960086657049e+01
1.349999999999997202e+00,-6.498582674708980278e+01,-6.498775679400615957e+01,-6.498838102451342991e+01
1.374999999999997113e+00,-6.498567490780574474e+01,-6.498760935571816333e+01,-6.498823505574098647e+01
1.399999999999997025e+00,-6.498552582726028959e+01,-6.498746453798436562e+01,-6.498809166217662892e+01
1.424999999999996936e+00,-6.498537947103389456e+01,-6.498732230822301403e+01,-6.498795081183109801e+01
1.449999999999996847e+00,-6.498523580507139741e+01,-6.498718263422180996e+01,-6.498781247308723152e+01
1.474999999999996758e+00,-6.498509479567539415e+01,-6.498704548412844417e+01,-6.498767661468953349e+01
1.499999999999996669e+00,-6.498495640950009999e+01,-6.498691082644211292e+01,-6.498754320573472398e+01
1.524999999999996581e+00,-6.498482061354552286e+01,-6.498677863000553145e+01,-6.498741221566304205e+01
1.549999999999996492e+00,-6.498468737515217697e+01,-6.498664886399764384e+01,-6.498728361425023081e+01
1.574999999999996403e+00,-6.498455666199598113e+01,-6.498652149792694388e+01,-6.498715737160020467e+01
1.599999999999996314e+00,-6.498442844208359759e+01,-6.498639650162519388e+01,-6.498703345813825649e+01
1.624999999999996225e+00,-6.498430268374796981e+01,-6.498627384524164086e+01,-6.498691184460477643e+01
1.649999999999996136e+00,-6.498417935564411607e+01,-6.498615349923770168e+01,-6.498679250204946811e+01
1.674999999999996048e+00,-6.498405842674513622e+01,-6.498603543438187558e+01,-6.498667540182592006e+01
1.699999999999995959e+00,-6.498393986633845998e+01,-6.498591962174508296e+01,-6.498656051558657509e+01
1.724999999999995870e+00,-6.498382364402223743e+01,-6.498580603269627431e+01,-6.498644781527809755e+01
1.749999999999995781e+00,-6.498370972970188575e+01,-6.498569463889828057e+01,-6.498633727313688269e+01
1.774999999999995692e+00,-6.498359809358680650e+01,-6.498558541230390517e+01,-6.498622886168497814e+01
1.799999999999995604e+00,-6.498348870618721662e+01,-6.498547832515224343e+01,-6.498612255372619018e+01
1.824999999999995515e+00,-6.498338153831109310e+01,-6.498537334996518666e+01,-6.498601832234244569e+01
1.849999999999995426e+00,-6.498327656106124550e+01,-6.498527045954406844e+01,-6.498591614089022528e+01
1.874999999999995337e+00,-6.498317374583245964e+01,-6.498516962696650978e+01,-6.498581598299735163e+01
1.899999999999995248e+00,-6.498307306430874064e+01,-6.498507082558336378e+01,-6.498571782255979201e+01
1.924999999999995159e+00,-6.498297448846061286e+01,-6.498497402901583087e+01,-6.498562163373867406e+01
1.949999999999995071e+00,-6.498287799054254776e+01,-6.498487921115263077e+01,-6.498552739095740094e+01
1.974999999999994982e+00,-6.498278354309040594e+01,-6.498478634614731675e+01,-6.498543506889892285e+01
1.999999999999994893e+00,-6.498269111891890759e+01,-6.498469540841564651e+01,-6.498534464250300857e+01
2.024999999999995026e+00,-6.498260069111925930e+01,-6.498460637263310957e+01,-6.498525608696374434e+01
2.049999999999995381e+00,-6.498251223305672397e+01,-6.498451921373238349e+01,-6.498516937772703272e+01
2.074999999999995737e+00,-6.498242571836831871e+01,-6.498443390690107435e+01,-6.498508449048820523e+01
2.099999999999996092e+00,-6.498234112096048420e+01,-6.498435042757930091e+01,-6.498500140118964907e+01
2.124999999999996447e+00,-6.498225841500683941e+01,-6.498426875145744930e+01,-6.498492008601856185e+01
2.149999999999996803e+00,-6.498217757494593627e+01,-6.498418885447399873e+01,-6.498484052140474887e+01
2.174999999999997158e+00,-6.498209857547909962e+01,-6.498411071281331886e+01,-6.498476268401844891e+01
2.199999999999997513e+00,-6.498202139156819612e+01,-6.498403430290353811e+01,-6.498468655076820255e+01
2.224999999999997868e+00,-6.498194599843355945e+01,-6.498395960141448313e+01,-6.498461209879879164e+01
2.249999999999998224e+00,-6.498187237155184448e+01,-6.498388658525563244e+01,-6.498453930548922131e+01
2.274999999999998579e+00,-6.498180048665395248e+01,-6.498381523157405582e+01,-6.498446814845071628e+01
2.299999999999998934e+00,-6.498173031972292790e+01,-6.498374551775246744e+01,-6.498439860552473135e+01
2.324999999999999289e+00,-6.498166184699194048e+01,-6.498367742140726477e+01,-6.498433065478103288e+01
2.349999999999999645e+00,-6.498159504494223881e+01,-6.498361092038655329e+01,-6.498426427451580878e+01
2.375000000000000000e+00,-6.498152989030117510e+01,-6.498354599276828480e+01,-6.498419944324977848e+01
2.400000000000000355e+00,-6.498146636004017296e+01,-6.498348261685833904e+01,-6.498413613972630287e+01
2.425000000000000711e+00,-6.498140443137273792e+01,-6.498342077118866200e+01,-6.498407434290962215e+01
2.450000000000001066e+00,-6.498134408175255317e+01,-6.498336043451543276e+01,-6.498401403198296578e+01
2.475000000000001421e+00,-6.498128528887147581e+01,-6.498330158581718763e+01,-6.498395518634680457e+01
2.500000000000001776e+00,-6.498122803065764685e+01,-6.498324420429307224e+01,-6.498389778561707431e+01
2.525000000000002132e+00,-6.498117228527354428e+01,-6.498318826936099413e+01,-6.498384180962338519e+01
2.550000000000002487e+00,-6.498111803111407880e+01,-6.498313376065584634e+01,-6.498378723840730231e+01
2.575000000000002842e+00,-6.498106524680473228e+01,-6.498308065802777378e+01,-6.498373405222062615e+01
2.600000000000003197e+00,-6.498101391119962500e+01,-6.498302894154038256e+01,-6.498368223152367307e+01
2.625000000000003553e+00,-6.498096400337972511e+01,-6.498297859146899214e+01,-6.498363175698354155e+01
2.650000000000003908e+00,-6.498091550265090177e+01,-6.498292958829898680e+01,-6.498358260947247800e+01
2.675000000000004263e+00,-6.498086838854214875e+01,-6.498288191272398251e+01,-6.498353477006618562e+01
2.700000000000004619e+00,-6.498082264080373704e+01,-6.498283554564420683e+01,-6.498348822004213332e+01
2.725000000000004974e+00,-6.498077823940536746e+01,-6.498279046816480786e+01,-6.498344294087796413e+01
2.750000000000005329e+00,-6.498073516453438003e+01,-6.498274666159409207e+01,-6.498339891424980408e+01
2.775000000000005684e+00,-6.498069339659396348e+01,-6.498270410744198955e+01,-6.498335612203065637e+01
2.800000000000006040e+00,-6.498065291620135042e+01,-6.498266278741823498e+01,-6.498331454628876713e+01
2.825000000000006395e+00,-6.498061370418604099e+01,-6.498262268343088977e+01,-6.498327416928607647e+01
2.850000000000006750e+00,-6.498057574158802652e+01,-6.498258377758453719e+01,-6.498323497347655575e+01
2.875000000000007105e+00,-6.498053900965604157e+01,-6.498254605217880453e+01,-6.498319694150463022e+01
2.900000000000007461e+00,-6.498050348984581603e+01,-6.498250948970660090e+01,-6.498316005620364422e+01
2.925000000000007816e+00,-6.498046916381832716e+01,-6.498247407285262511e+01,-6.498312430059425537e+01
2.950000000000008171e+00,-6.498043601343809428e+01,-6.498243978449173142e+01,-6.498308965788289981e+01
2.975000000000008527e+00,-6.498040402077141664e+01,-6.498240660768729526e+01,-6.498305611146022898e+01
3.000000000000008882e+00,-6.498037316808471076e+01,-6.498237452568966432e+01,-6.498302364489957483e+01
3.025000000000009237e+00,-6.498034343784279088e+01,-6.498234352193463792e+01,-6.498299224195541512e+01
3.050000000000009592e+00,-6.498031481270716370e+01,-6.498231358004180436e+01,-6.498296188656186700e+01
3.075000000000009948e+00,-6.498028727553437989e+01,-6.498228468381306300e+01,-6.498293256283115227e+01
3.100000000000010303e+00,-6.498026080937434301e+01,-6.498225681723103264e+01,-6.498290425505213364e+01
3.125000000000010658e+00,-6.498023539746866106e+01,-6.498222996445758781e+01,-6.498287694768877998e+01
3.150000000000011013e+00,-6.498021102324896958e+01,-6.498220410983222450e+01,-6.498285062537867418e+01
3.175000000000011369e+00,-6.498018767033534004e+01,-6.498217923787063910e+01,-6.498282527293156363e+01
3.200000000000011724e+00,-6.498016532253460298e+01,-6.498215533326316518e+01,-6.498280087532791072e+01
3.225000000000012079e+00,-6.498014396383874214e+01,-6.498213238087329557e+01,-6.498277741771735805e+01
3.250000000000012434e+00,-6.498012357842327447e+01,-6.498211036573616184e+01,-6.498275488541735001e+01
3.275000000000012790e+00,-6.498010415064565848e+01,-6.498208927305712734e+01,-6.498273326391165483e+01
3.300000000000013145e+00,-6.498008566504368844e+01,-6.498206908821019567e+01,-6.498271253884894350e+01
3.325000000000013500e+00,-6.498006810633391694e+01,-6.498204979673663217e+01,-6.498269269604134024e+01
3.350000000000013856e+00,-6.498005145941009175e+01,-6.498203138434351445e+01,-6.498267372146301568e+01
3.375000000000014211e+00,-6.498003570934154993e+01,-6.498201383690218336e+01,-6.498265560124879414e+01
3.400000000000014566e+00,-6.498002084137172574e+01,-6.498199714044694986e+01,-6.498263832169270415e+01
3.425000000000014921e+00,-6.498000684091651635e+01,-6.498198128117351757e+01,-6.498262186924667105e+01
3.450000000000015277e+00,-6.497999369356283239e+01,-6.498196624543766120e+01,-6.498260623051902485e+01
3.475000000000015632e+00,-6.497998138506702048e+01,-6.498195201975377699e+01,-6.498259139227320702e+01
3.500000000000015987e+00,-6.497996990135335693e+01,-6.498193859079347590e+01,-6.498257734142633524e+01
3.525000000000016342e+00,-6.497995922851251294e+01,-6.498192594538417666e+01,-6.498256406504791016e+01
3.550000000000016698e+00,-6.497994935280009088e+01,-6.498191407050772739e+01,-6.498255155035842279e+01
3.575000000000017053e+00,-6.497994026063513218e+01,-6.498190295329904131e+01,-6.498253978472799020e+01
3.600000000000017408e+00,-6.497993193859859673e+01,-6.498189258104470412e+01,-6.498252875567507658e+01
3.625000000000017764e+00,-6.497992437343191341e+01,-6.498188294118159547e+01,-6.498251845086511480e+01
3.650000000000018119e+00,-6.497991755203554476e+01,-6.498187402129558166e+01,-6.498250885810919897e+01
3.675000000000018474e+00,-6.497991146146749486e+01,-6.498186580912009447e+01,-6.498249996536280548e+01
3.700000000000018829e+00,-6.497990608894184561e+01,-6.498185829253489487e+01,-6.498249176072442879e+01
3.725000000000019185e+00,-6.497990142182739248e+01,-6.498185145956462350e+01,-6.498248423243433081e+01
3.750000000000019540e+00,-6.497989744764613818e+01,-6.498184529837760692e+01,-6.498247736887323356e+01
3.775000000000019895e+00,-6.497989415407194258e+01,-6.498183979728440818e+01,-6.498247115856106859e+01
3.800000000000020250e+00,-6.497989152892905906e+01,-6.498183494473663302e+01,-6.498246559015565538e+01
3.825000000000020606e+00,-6.497988956019077023e+01,-6.498183072932556570e+01,-6.498246065245147918e+01
3.850000000000020961e+00,-6.497988823597798103e+01,-6.498182713978094682e+01,-6.498245633437841207e+01
3.875000000000021316e+00,-6.497988754455785454e+01,-6.498182416496958069e+01,-6.498245262500047659e+01
3.900000000000021672e+00,-6.497988747434240508e+01,-6.498182179389419844e+01,-6.498244951351462362e+01
3.925000000000022027e+00,-6.497988801388719082e+01,-6.498182001569209376e+01,-6.498244698924943918e+01
3.950000000000022382e+00,-6.497988915188989267e+01,-6.498181881963390083e+01,-6.498244504166399338e+01
3.975000000000022737e+00,-6.497989087718903534e+01,-6.498181819512234370e+01,-6.498244366034660402e+01
4.000000000000023093e+00,-6.497989317876259463e+01,-6.498181813169102838e+01,-6.498244283501357188e+01
4.025000000000023448e+00,-6.497989604572670430e+01,-6.498181861900316392e+01,-6.498244255550807225e+01
4.050000000000023803e+00,-6.497989946733432021e+01,-6.498181964685034018e+01,-6.498244281179889015e+01
4.075000000000024158e+00,-6.497990343297394134e+01,-6.498182120515137683e+01,-6.498244359397928349e+01
4.100000000000024514e+00,-6.497990793216827399e+01,-6.498182328395101592e+01,-6.498244489226576093e+01
4.125000000000024869e+00,-6.497991295457293859e+01,-6.498182587341881344e+01,-6.498244669699697340e+01
4.150000000000025224e+00,-6.497991848997523334e+01,-6.498182896384791718e+01,-6.498244899863247781e+01
4.175000000000025580e+00,-6.497992452829281262e+01,-6.498183254565385880e+01,-6.498245178775167119e+01
4.200000000000025935e+00,-6.497993105957243642e+01,-6.498183660937341699e+01,-6.498245505505256858e+01
4.225000000000026290e+00,-6.497993807398871979e+01,-6.498184114566342373e+01,-6.498245879135069458e+01
4.250000000000026645e+00,-6.497994556184288228e+01,-6.498184614529962744e+01,-6.498246298757798911e+01
4.275000000000027001e+00,-6.497995351356152582e+01,-6.498185159917552767e+01,-6.498246763478162791e+01
4.300000000000027356e+00,-6.497996191969536994e+01,-6.498185749830122404e+01,-6.498247272412292830e+01
4.325000000000027711e+00,-6.497997077091804385e+01,-6.498186383380232201e+01,-6.498247824687626917e+01
4.350000000000028066e+00,-6.497998005802489274e+01,-6.498187059691876755e+01,-6.498248419442796830e+01
4.375000000000028422e+00,-6.497998977193176984e+01,-6.498187777900371032e+01,-6.498249055827518816e+01
4.400000000000028777e+00,-6.497999990367381429e+01,-6.498188537152248045e+01,-6.498249733002485584e+01
4.425000000000029132e+00,-6.498001044440428586e+01,-6.498189336605136646e+01,-6.498250450139261147e+01
4.450000000000029488e+00,-6.498002138539338546e+01,-6.498190175427662041e+01,-6.498251206420168558e+01
4.475000000000029843e+00,-6.498003271802708980e+01,-6.498191052799332112e+01,-6.498252001038189007e+01
4.500000000000030198e+00,-6.498004443380597195e+01,-6.498191967910429412e+01,-6.498252833196858091e+01
4.525000000000030553e+00,-6.498005652434407864e+01,-6.498192919961906000e+01,-6.498253702110150698e+01
4.550000000000030909e+00,-6.498006898136775078e+01,-6.498193908165276866e+01,-6.498254607002392902e+01
4.575000000000031264e+00,-6.498008179671450080e+01,-6.498194931742513347e+01,-6.498255547108144015e+01
4.600000000000031619e+00,-6.498009496233191840e+01,-6.498195989925935123e+01,-6.498256521672104213e+01
4.625000000000031974e+00,-6.498010847027651948e+01,-6.498197081958112165e+01,-6.498257529949007960e+01
4.650000000000032330e+00,-6.498012231271260930e+01,-6.498198207091760992e+01,-6.498258571203524525e+01
4.675000000000032685e+00,-6.498013648191123082e+01,-6.498199364589635252e+01,-6.498259644710161353e+01
4.700000000000033040e+00,-6.498015097024905629e+01,-6.498200553724429085e+01,-6.498260749753157484e+01
4.725000000000033396e+00,-6.498016577020729301e+01,-6.498201773778679069e+01,-6.498261885626392598e+01
4.750000000000033751e+00,-6.498018087437060331e+01,-6.498203024044657639e+01,-6.498263051633281862e+01
4.775000000000034106e+00,-6.498019627542603871e+01,-6.498204303824275030e+01,-6.498264247086684975e+01
4.800000000000034461e+00,-6.498021196616198836e+01,-6.498205612428982647e+01,-6.498265471308808117e+01
4.825000000000034817e+00,-6.498022793946711317e+01,-6.498206949179675007e+01,-6.498266723631104469e+01
4.850000000000035172e+00,-6.498024418832932270e+01,-6.498208313406590264e+01,-6.498268003394184689e+01
4.875000000000035527e+00,-6.498026070583470926e+01,-6.498209704449214996e+01,-6.498269309947718853e+01
4.900000000000035882e+00,-6.498027748516652480e+01,-6.498211121656187572e+01,-6.498270642650345508e+01
4.925000000000036238e+00,-6.498029451960417191e+01,-6.498212564385202938e+01,-6.498272000869576459e+01
4.950000000000036593e+00,-6.498031180252219485e+01,-6.498214032002921670e+01,-6.498273383981707241e+01
4.975000000000036948e+00,-6.498032932738925638e+01,-6.498215523884871914e+01,-6.498274791371720482e+01
5.000000000000037303e+00,-6.498034708776717139e+01,-6.498217039415355600e+01,-6.498276222433203486e+01
5.025000000000037659e+00,-6.422427222257429946e+01,-6.484060147974903998e+01,-6.493264174717022286e+01
5.050000000000038014e+00,-6.356471933869809732e+01,-6.459222223139532559e+01,-6.480600158633684771e+01
5.075000000000038369e+00,-6.296635154814548230e+01,-6.428041950740727373e+01,-6.460537795225569369e+01
5.100000000000038725e+00,-6.241161339593055857e+01,-6.393115853600355791e+01,-6.434527238694795415e+01
5.125000000000039080e+00,-6.188954986871745234e+01,-6.355931191932727842e+01,-6.404146456888639705e+01
5.150000000000039435e+00,-6.139267638249721415e+01,-6.317399641953895895e+01,-6.370722665773590876e+01
5.175000000000039790e+00,-6.091561547248686281e+01,-6.278115919607796513e+01,-6.335271331955929242e+01
5.200000000000040146e+00,-6.045442800444999421e+01,-6.238481448904930460e+01,-6.298537532345375212e+01
5.225000000000040501e+00,-6.000613575216011952e+01,-6.198769290680703392e+01,-6.261055917188848241e+01
5.250000000000040856e+00,-5.956848289326222812e+01,-6.159163828375847771e+01,-6.223204261774836255e+01
5.275000000000041211e+00,-5.913966232506818699e+01,-6.119785587775395896e+01,-6.185245111070184976e+01
5.300000000000041567e+00,-5.871824092239030790e+01,-6.080709362433039900e+01,-6.147357006533209045e+01
5.325000000000041922e+00,-5.830300190093047519e+01,-6.041976183253643029e+01,-6.109657194763258303e+01
5.350000000000042277e+00,-5.789289686025063020e+01,-6.003602178083811225e+01,-6.072218083280409928e+01
5.375000000000042633e+00,-5.748699415924632916e+01,-5.965585028072570140e+01,-6.035079177522142402e+01
5.400000000000042988e+00,-5.708439394120104993e+01,-5.927907739971021073e+01,-5.998255420049432018e+01
5.425000000000043343e+00,-5.668426914405971218e+01,-5.890542499825242828e+01,-5.961743388289404066e+01
5.450000000000043698e+00,-5.628575784111301061e+01,-5.853452005749374365e+01,-5.925525435160021459e+01
5.475000000000044054e+00,-5.588801003938129242e+01,-5.816591303357058962e+01,-5.889572699807195733e+01
5.500000000000044409e+00,-5.549016257439119926e+01,-5.779909003917538257e+01,-5.853847312401658343e+01
5.525000000000044764e+00,-5.509127090304261287e+01,-5.743346973839493330e+01,-5.818303581172852290e+01
5.550000000000045119e+00,-5.469039536516289957e+01,-5.706841631054172836e+01,-5.782889071174790985e+01
5.575000000000045475e+00,-5.428647577959799264e+01,-5.670322868896097646e+01,-5.747544903056797949e+01
5.600000000000045830e+00,-5.387840645140573059e+01,-5.633714361417471395e+01,-5.712205943082459214e+01
5.625000000000046185e+00,-5.346501166378973124e+01,-5.596933576952250178e+01,-5.676800922377438496e+01
5.650000000000046541e+00,-5.304496018428675086e+01,-5.559890134050010602e+01,-5.641251921366322364e+01
5.675000000000046896e+00,-5.261688797929404160e+01,-5.522486658741798493e+01,-5.605474259644102375e+01
5.700000000000047251e+00,-5.217919365195385950e+01,-5.484615938100572663e+01,-5.569375481945323259e+01
5.725000000000047606e+00,-5.173019822311457006e+01,-5.446161236796235272e+01,-5.532854697670023114e+01
5.750000000000047962e+00,-5.126800222618766156e+01,-5.406994302975069644e+01,-5.495801516355867733e+01
5.775000000000048317e+00,-5.079051345332997869e+01,-5.366973999698354447e+01,-5.458094828250814601e+01
5.800000000000048672e+00,-5.029540685583965143e+01,-5.325944606781762758e+01,-5.419601414208818824e+01
5.825000000000049027e+00,-4.978005030709677214e+01,-5.283733049353650557e+01,-5.380174061908284955e+01
5.850000000000049383e+00,-4.924150989472342133e+01,-5.240146722233335908e+01,-5.339649535963825144e+01
5.875000000000049738e+00,-4.867644482591990140e+01,-5.194969907787321972e+01,-5.297846009419269109e+01
5.900000000000050093e+00,-4.808105163445484465e+01,-5.147959759496503551e+01,-5.254559941682604318e+01
5.925000000000050449e+00,-4.745105306652784094e+01,-5.098842938955310444e+01,-5.209562840010570284e+01
5.950000000000050804e+00,-4.678141006864898799e+01,-5.047307659882639541e+01,-5.162596381401154844e+01
5.975000000000051159e+00,-4.606642940519110851e+01,-4.992998975713916820e+01,-5.113367428438095885e+01
6.000000000000051514e+00,-4.529951855661720117e+01,-4.935510960205108688e+01,-5.061542108492715641e+01
6.025000000000051870e+00,-4.521836543019041699e+01,-4.888334228457978270e+01,-5.011680753541739364e+01
6.050000000000052225e+00,-4.497497608324488283e+01,-4.847528870871386886e+01,-4.965955000630822269e+01
6.075000000000052580e+00,-4.460553520063491817e+01,-4.808437662238841881e+01,-4.923702259340026188e+01
6.100000000000052935e+00,-4.412567331768973844e+01,-4.768183955702560439e+01,-4.883122295861077333e+01
6.125000000000053291e+00,-4.354232596671293720e+01,-4.724979102091377570e+01,-4.842316178391870096e+01
6.150000000000053646e+00,-4.285678275401528481e+01,-4.677549846418408919e+01,-4.799628751340256372e+01
6.175000000000054001e+00,-4.206624566754448580e+01,-4.624855088017076810e+01,-4.753677511315831339e+01
6.200000000000054357e+00,-4.116427750231596860e+01,-4.565939619994558996e+01,-4.703283514119281250e+01
6.225000000000054712e+00,-4.014105168502455001e+01,-4.499846553832720986e+01,-4.647386386694035565e+01
6.250000000000055067e+00,-3.898347392978839565e+01,-4.425557148092323700e+01,-4.584967998189711835e+01
6.275000000000055422e+00,-3.767505950717646357e+01,-4.341942350926628080e+01,-4.514988301569553641e+01
6.300000000000055778e+00,-3.619567449962242023e+01,-4.247719216059758196e+01,-4.436330844770257897e+01
6.325000000000056133e+00,-3.452143221290366881e+01,-4.141413758553538571e+01,-4.347756309710366907e+01
6.350000000000056488e+00,-3.262455661762917458e+01,-4.021328799653102948e+01,-4.247862705705670550e+01
6.375000000000056843e+00,-3.047349317914852307e+01,-3.885520339120678557e+01,-4.135052624603898153e+01
6.400000000000057199e+00,-2.803353494231157939e+01,-3.731790772439433823e+01,-4.007511004872450400e+01
6.425000000000057554e+00,-2.526815504841155047e+01,-3.557709317878044430e+01,-3.863199658392616698e+01
6.450000000000057909e+00,-2.214219132292833336e+01,-3.360689196339802720e+01,-3.699883335622298119e+01
6.475000000000058265e+00,-1.862627187730081246e+01,-3.138135030080222165e+01,-3.515202604390816532e+01
6.500000000000058620e+00,-1.470465828905338057e+01,-2.887709448573646753e+01,-3.306820533191580580e+01
6.525000000000058975e+00,-1.038521861804674629e+01,-2.607737172724598196e+01,-3.072668364442316857e+01
6.550000000000059330e+00,-5.711699243876599219e+00,-2.297759873934234065e+01,-2.811310448095790804e+01
6.575000000000059686e+00,-7.741098241658237455e-01,-1.959174411396792337e+01,-2.522416754406473061e+01
6.600000000000060041e+00,4.287796860792652431e+00,-1.595800295835626059e+01,-2.207276612495601142e+01
6.625000000000060396e+00,9.294117700067999976e+00,-1.214134961104760890e+01,-1.869218964919940262e+01
6.650000000000060751e+00,1.404934464127010685e+01,-8.230680533530135179e+00,-1.513763966990935828e+01
6.675000000000061107e+00,1.837582433467945009e+01,-4.329939800652314652e+00,-1.148368650327824447e+01
6.700000000000061462e+00,2.214389432041528494e+01,-5.452084228794435994e-01,-7.817555571864699182e+00
6.725000000000061817e+00,2.528815458277643557e+01,3.028533839774760761e+00,-4.229656605824122728e+00
6.750000000000062172e+00,2.780510014633192739e+01,6.317130570711222859e+00,-8.038081717151621675e-01
6.775000000000062528e+00,2.973775078627485868e+01,9.271589345437121210e+00,2.390502100355054615e+00
6.800000000000062883e+00,3.115546760287266892e+01,1.186733900521744900e+01,5.302471973936400573e+00
6.825000000000063238e+00,3.213631905607580563e+01,1.410015267768665126e+01,7.900853811802274862e+00
6.850000000000063594e+00,3.275515114482553969e+01,1.598072535800736915e+01,1.017214100191022119e+01
6.875000000000063949e+00,3.307744426262313198e+01,1.752940477394113827e+01,1.211722130858045965e+01
6.900000000000064304e+00,3.315737786348284288e+01,1.877186298717348478e+01,1.374754220093508295e+01
6.925000000000064659e+00,3.303831271822695470e+01,1.973592658514822418e+01,1.508150899963997205e+01
6.950000000000065015e+00,3.275437841926289195e+01,2.044946735865514853e+01,1.614149410704681742e+01
6.975000000000065370e+00,3.233231110514388718e+01,2.093912260787745794e+01,1.695157144124539883e+01
7.000000000000065725e+00,3.179315226662236782e+01,2.122960670938962124e+01,1.753593122418884320e+01
7.025000000000066080e+00,3.115364567155678088e+01,2.134341329841056378e+01,1.791785659201707404e+01
7.050000000000066436e+00,3.042732562203377711e+01,2.130076081072531125e+01,1.811912635256281945e+01
7.075000000000066791e+00,2.962533308412205812e+01,2.111967956695038851e+01,1.815972032730425312e+01
7.100000000000067146e+00,2.875700877759535246e+01,2.081617243596881650e+01,1.805772680205161151e+01
7.125000000000067502e+00,2.783032586592191393e+01,2.040440793319501367e+01,1.782937693179009742e+01
7.150000000000067857e+00,2.685220175561163103e+01,1.989692059057180984e+01,1.748915283470902438e+01
7.175000000000068212e+00,2.582872240800869079e+01,1.930480407250934860e+01,1.704993324367574559e+01
7.200000000000068567e+00,2.476530423354140353e+01,1.863788941248225584e+01,1.652315326021085795e+01
7.225000000000068923e+00,2.366681180806153151e+01,1.790490504139069117e+01,1.591896374275683002e+01
7.250000000000069278e+00,2.253764444451734761e+01,1.711361784852294932e+01,1.524638200140534217e+01
7.275000000000069633e+00,2.138180083635077011e+01,1.627095597650608028e+01,1.451342952421382648e+01
7.300000000000069988e+00,2.020292825158022509e+01,1.538311481508511136e+01,1.372725503996164065e+01
7.325000000000070344e+00,1.900436081723720250e+01,1.445564799316684734e+01,1.289424279356695813e+01
7.350000000000070699e+00,1.778915006908605179e+01,1.349354524666748922e+01,1.202010680987495306e+01
7.375000000000071054e+00,1.656008888164388182e+01,1.250129876459639888e+01,1.110997231186195400e+01
7.400000000000071410e+00,1.531973418387705088e+01,1.148296021642066478e+01,1.016844585606571094e+01
7.425000000000071765e+00,1.407042435643557354e+01,1.044218947693924626e+01,9.199675585660351373e+00
7.450000000000072120e+00,1.281429483191240237e+01,9.382296369226823529e+00,8.207402928701387879e+00
7.475000000000072475e+00,1.155328385030066229e+01,8.306275033362267024e+00,7.195006435396020805e+00
7.500000000000072831e+00,1.028915347286449133e+01,7.216835155521009959e+00,6.165539606273074291e+00
7.525000000000073186e+00,9.023505235953312109e+00,6.116430049236040389e+00,5.121764049081011017e+00
7.550000000000073541e+00,7.757789515760777022e+00,5.007280841080699041e+00,4.066178461684399892e+00
7.575000000000073896e+00,6.493290317695580072e+00,3.891392815557193074e+00,3.001042249095668524e+00
7.600000000000074252e+00,5.231167644356334634e+00,2.770575963129261243e+00,1.928397060172831523e+00
7.625000000000074607e+00,3.972464926074111169e+00,1.646463568135742239e+00,8.500867822801627671e-01
7.650000000000074962e+00,2.718110005320939493e+00,5.205269775609180360e-01,-2.322247578523262135e-01
7.675000000000075318e+00,1.468887500623015097e+00,-6.059180648588156082e-01,-1.317040641517464250e+00
7.700000000000075673e+00,2.255034798624333536e-01,-1.731694799695849607e+00,-2.403017247321360017e+00
7.725000000000076028e+00,-1.011417161078594917e+00,-2.855751352053396364e+00,-3.488950522467501258e+00
7.750000000000076383e+00,-2.241331638540239091e+00,-3.977150241844915612e+00,-4.573763565034023593e+00
7.775000000000076739e+00,-3.463831902364374216e+00,-5.095070192400556586e+00,-5.656499582752791966e+00
7.800000000000077094e+00,-4.678552795291349931e+00,-6.208791288940587627e+00,-6.736312907702892261e+00
7.825000000000077449e+00,-5.885181125227383347e+00,-7.317682777415013717e+00,-7.812458653093045768e+00
7.850000000000077804e+00,-7.083457985511178556e+00,-8.421194601421543524e+00,-8.884283003466380890e+00
7.875000000000078160e+00,-8.273211594245239553e+00,-9.518857201297992177e+00,-9.951217096883036461e+00
7.900000000000078515e+00,-9.454353666452030680e+00,-1.061028127550437183e+01,-1.101277355543765069e+01
7.925000000000078870e+00,-1.062681706697852668e+01,-1.169514547733344578e+01,-1.206854025623671944e+01
7.950000000000079226e+00,-1.179056780596681619e+01,-1.277318766491293900e+01,-1.311817287624718631e+01
7.975000000000079581e+00,-1.294561063393871159e+01,-1.384419980903607872e+01,-1.416138823167421457e+01
8.000000000000079936e+00,-1.409199199500086941e+01,-1.490802482656241423e+01,-1.519795906148008946e+01
8.025000000000078515e+00,-1.522985664897640490e+01,-1.596456469840155279e+01,-1.622771378837856915e+01
8.050000000000077094e+00,-1.635940078774734729e+01,-1.701377899176014097e+01,-1.725053651724293857e+01
8.075000000000075673e+00,-1.748083910161015808e+01,-1.805567607023980159e+01,-1.826636389642598957e+01
8.100000000000074252e+00,-1.859442004138589510e+01,-1.909030855775494118e+01,-1.927518108880147452e+01
8.125000000000072831e+00,-1.970043543244415929e+01,-2.011777230937446603e+01,-2.027701876947230630e+01
8.150000000000071410e+00,-2.079922767203392553e+01,-2.113820720555380106e+01,-2.127195165675045985e+01
8.175000000000069988e+00,-2.189119589337628113e+01,-2.215179894157094509e+01,-2.226009841534353484e+01
8.200000000000068567e+00,-2.297680175028972371e+01,-2.315878147461094017e+01,-2.324162263411406926e+01
8.225000000000067146e+00,-2.405657511668886173e+01,-2.415943997992235026e+01,-2.421673462555023804e+01
8.250000000000065725e+00,-2.513116768902543186e+01,-2.515412319549972509e+01,-2.518569703851095554e+01
8.275000000000064304e+00,-2.620130601843543872e+01,-2.614324518944383158e+01,-2.614882955791449604e+01
8.300000000000062883e+00,-2.726778010167887345e+01,-2.712728320767309143e+01,-2.710651094787564119e+01
8.325000000000061462e+00,-2.833145834095894244e+01,-2.810677874306027135e+01,-2.805918036889044487e+01
8.350000000000060041e+00,-2.939329750668244401e+01,-2.908234080712742298e+01,-2.900733930081605649e+01
8.375000000000058620e+00,-3.045434966044544822e+01,-3.005464998079491323e+01,-2.995155428626597427e+01
8.400000000000057199e+00,-3.151576671672183139e+01,-3.102446245278333237e+01,-3.089246020423993500e+01
8.425000000000055778e+00,-3.257880277898400578e+01,-3.199261358581274806e+01,-3.183076367027201670e+01
8.450000000000054357e+00,-3.364481408439452537e+01,-3.296002065960189498e+01,-3.276724617279280949e+01
8.475000000000052935e+00,-3.471525618553977210e+01,-3.392768444973786757e+01,-3.370276658074736531e+01
8.500000000000051514e+00,-3.579167782989506463e+01,-3.489668926773016722e+01,-3.463826266195975023e+01
8.525000000000050093e+00,-3.687571084015527845e+01,-3.586820102965453572e+01,-3.557475123107025183e+01
8.550000000000048672e+00,-3.796905513810104082e+01,-3.684346284525811654e+01,-3.651332650280589576e+01
8.575000000000047251e+00,-3.907345788634761874e+01,-3.782378752861713878e+01,-3.745515616411319115e+01
8.600000000000045830e+00,-4.019071280110201627e+01,-3.881055143063446167e+01,-3.840147640707601084e+01
8.625000000000044409e+00,-4.132258455847475886e+01,-3.980517573022644484e+01,-3.935358204041207841e+01
8.650000000000042988e+00,-4.247074855684345351e+01,-4.080909923188930577e+01,-4.031280992370480476e+01
8.675000000000041567e+00,-4.363673768914599549e+01,-4.182374669363161956e+01,-4.128051639329756739e+01
8.700000000000040146e+00,-4.482187287145041665e+01,-4.285049093891268512e+01,-4.225804879331434449e+01
8.725000000000038725e+00,-4.602717748821358157e+01,-4.389060672394029439e+01,-4.324671036087437415e+01
8.750000000000037303e+00,-4.725326394607801461e+01,-4.494521269800542029e+01,-4.424771658109916928e+01
8.775000000000035882e+00,-4.850012333085485494e+01,-4.601518555061374371e+01,-4.526213603891932991e+01
8.800000000000034461e+00,-4.976708558352017064e+01,-4.710108282904988641e+01,-4.629082357827509497e+01
8.825000000000033040e+00,-5.105267701770902988e+01,-4.820305749677652329e+01,-4.733434682850345609e+01
8.850000000000031619e+00,-5.235442720827560237e+01,-4.932075354360684827e+01,-4.839290187148501587e+01
8.875000000000030198e+00,-5.366855225621487335e+01,-5.045316281665030544e+01,-4.946620770565029090e+01
8.900000000000028777e+00,-5.499013925002400782e+01,-5.159854373322806964e+01,-5.055340781112081316e+01
8.925000000000027356e+00,-5.631306003560979434e+01,-5.275434849577396790e+01,-5.165298326455014433e+01
8.950000000000025935e+00,-5.762961981278944279e+01,-5.391709831983818901e+01,-5.276265503686722269e+01
8.975000000000024514e+00,-5.893114553266281774e+01,-5.508238907607691459e+01,-5.387932248291789961e+01
9.000000000000023093e+00,-6.020817180935453194e+01,-5.624494419647651000e+01,-5.499904826815946279e+01
9.025000000000021672e+00,-6.145055091682686310e+01,-5.739867589965373185e+01,-5.611707650344647647e+01
9.050000000000020250e+00,-6.264819332521575035e+01,-5.853686901939298792e+01,-5.722791339543650224e+01
9.075000000000018829e+00,-6.379164850415115495e+01,-5.965244419954709088e+01,-5.832547981485217292e+01
9.100000000000017408e+00,-6.487261429663267620e+01,-6.073826209225124018e+01,-5.940332488076705175e+01
9.125000000000015987e+00,-6.588441343663558314e+01,-6.178745096711597284e+01,-6.045488487104871922e+01
9.150000000000014566e+00,-6.682235584426236130e+01,-6.279373161666551084e+01,-6.147376784062576149e+01
9.175000000000013145e+00,-6.768392608984916592e+01,-6.375170649645652077e+01,-6.245403931783111062e+01
9.200000000000011724e+00,-6.846876931388466403e+01,-6.465708169571121289e+01,-6.339048170988861131e+01
9.225000000000010303e+00,-6.917848856564557991e+01,-6.550679989660378055e+01,-6.427880202771525830e+01
9.250000000000008882e+00,-6.981630030587366775e+01,-6.629907673519872446e+01,-6.511576946763129570e+01
9.275000000000007461e+00,-7.038658217780505311e+01,-6.703334183350639819e+01,-6.589927254201708706e+01
9.300000000000006040e+00,-7.089447337841158969e+01,-6.771011552376690190e+01,-6.662830126435825662e+01
9.325000000000004619e+00,-7.134551096853604690e+01,-6.833084466026186021e+01,-6.730286825799731787e+01
9.350000000000003197e+00,-7.174527634831757439e+01,-6.889770882931132689e+01,-6.792388255364038230e+01
9.375000000000001776e+00,-7.209919110136637244e+01,-6.941343059007905936e+01,-6.849299659740955803e+01
9.400000000000000355e+00,-7.241234596085546116e+01,-6.988109696699017093e+01,-6.901244296474966688e+01
9.424999999999998934e+00,-7.268940232775578636e+01,-7.030400197458156697e+01,-6.948487405252014071e+01
9.449999999999997513e+00,-7.293456618516502488e+01,-7.068551904468297664e+01,-6.991321590020498888e+01
9.474999999999996092e+00,-7.315157984481913900e+01,-7.102900023905135640e+01,-7.030054184064233880e+01
9.499999999999994671e+00,-7.334373981174373114e+01,-7.133770041039726095e+01,-7.064996820817813727e+01
9.524999999999993250e+00,-7.351393684554921037e+01,-7.161472487472107673e+01,-7.096457258853202177e+01
9.549999999999991829e+00,-7.366469793345984840e+01,-7.186299587690513135e+01,-7.124733304306693071e+01
9.574999999999990408e+00,-7.379822839664316803e+01,-7.208523357556074984e+01,-7.150108553603973860e+01
9.599999999999988987e+00,-7.391645280770357829e+01,-7.228394815708807641e+01,-7.172849646575696170e+01
9.624999999999987566e+00,-7.402105261692663873e+01,-7.246144013855042942e+01,-7.193204726352168166e+01
9.649999999999986144e+00,-7.411349951985721418e+01,-7.261980638249916353e+01,-7.211402827248133462e+01
9.674999999999984723e+00,-7.419508449246531256e+01,-7.276094987039535056e+01,-7.227653948256195804e+01
9.699999999999983302e+00,-7.426694328079943830e+01,-7.288659185206789459e+01,-7.242149614442297434e+01
9.724999999999981881e+00,-7.433007753751621749e+01,-7.299828513858739143e+01,-7.255063763157272660e+01
9.749999999999980460e+00,-7.438537284033148467e+01,-7.309742776365986572e+01,-7.266553828627395717e+01
9.774999999999979039e+00,-7.443361400559186336e+01,-7.318527649216827058e+01,-7.276761931078584666e+01
9.799999999999977618e+00,-7.447549810284833427e+01,-7.326295982706704990e+01,-7.285816102709493691e+01
9.824999999999976197e+00,-7.451164553649120137e+01,-7.333149029553813136e+01,-7.293831503147541184e+01
9.849999999999974776e+00,-7.454260951087461251e+01,-7.339177589116357581e+01,-7.300911592548585816e+01
9.874999999999973355e+00,-7.456888414573987234e+01,-7.344463061726624176e+01,-7.307149242158025970e+01
9.899999999999971934e+00,-7.459091146356247748e+01,-7.349078412367968838e+01,-7.312627770719358011e+01
9.924999999999970512e+00,-7.460908743134996257e+01,-7.353089046039494292e+01,-7.317421901262382278e+01
9.949999999999969091e+00,-7.462376720662079777e+01,-7.356553599111579445e+01,-7.321598637088136741e+01
9.974999999999967670e+00,-7.463526971031534174e+01,-7.359524652107373299e+01,-7.325218058651316255e+01
9.999999999999966249e+00,-7.464388162746340072e+01,-7.362049369900859119e+01,-7.328334044890608823e+01
1.002499999999996483e+01,-7.464986091873281282e+01,-7.364170075485630207e+01,-7.330994923659034157e+01
1.004999999999996341e+01,-7.465343991173575944e+01,-7.365924763373701012e+01,-7.333244056478368122e+01
1.007499999999996199e+01,-7.465482802949775021e+01,-7.367347558425649368e+01,-7.335120363047590786e+01
1.009999999999996056e+01,-7.465421420423409415e+01,-7.368469125559458632e+01,-7.336658790895471327e+01
1.012499999999995914e+01,-7.465176901707023660e+01,-7.369317035381763503e+01,-7.337890735369241213e+01
1.014999999999995772e+01,-7.464764659821933890e+01,-7.369916090363226147e+01,-7.338844414857229026e+01
1.017499999999995630e+01,-7.464198631710472398e+01,-7.370288615760209439e+01,-7.339545205796923710e+01
1.019999999999995488e+01,-7.463491428775905945e+01,-7.370454719080770190e+01,-7.340015941651239473e+01
1.022499999999995346e+01,-7.462654471137143730e+01,-7.370432521512177004e+01,-7.340277179664936114e+01
1.024999999999995204e+01,-7.461698107495055865e+01,-7.370238364373744844e+01,-7.340347438853078188e+01
1.027499999999995062e+01,-7.460631722261969401e+01,-7.369886993334647229e+01,-7.340243412332050355e+01
1.029999999999994920e+01,-7.459463831397428635e+01,-7.369391722841409376e+01,-7.339980156785587440e+01
1.032499999999994778e+01,-7.458202168214992867e+01,-7.368764582933280849e+01,-7.339571261565373561e+01
1.034999999999994635e+01,-7.456853760271488341e+01,-7.368016450384003235e+01,-7.339028999658687269e+01
1.037499999999994493e+01,-7.455424998317668894e+01,-7.367157165893668491e+01,-7.338364462513597175e+01
1.039999999999994351e+01,-7.453921698174281119e+01,-7.366195638862569695e+01,-7.337587680494291931e+01
1.042499999999994209e+01,-7.452349156297415789e+01,-7.365139941107848642e+01,-7.336707730543524519e+01
1.044999999999994067e+01,-7.450712199709560934e+01,-7.363997390731655912e+01,-7.335732832454280583e+01
1.047499999999993925e+01,-7.449015230896154094e+01,-7.362774627214237455e+01,-7.334670434996689892e+01
1.049999999999993783e+01,-7.447262268200107371e+01,-7.361477678685321280e+01,-7.333527293007297487e+01
1.052499999999993641e+01,-7.445456982187552342e+01,-7.360112022220637584e+01,-7.332309536424173757e+01
1.054999999999993499e+01,-7.443602728405835478e+01,-7.358682637915957514e+01,-7.331022732141583731e+01
1.057499999999993356e+01,-7.441702576908629396e+01,-7.357194057407222942e+01,-7.329671939460529018e+01
1.059999999999993214e+01,-7.439759338882274164e+01,-7.355650407431157589e+01,-7.328261759824950161e+01
1.062499999999993072e+01,-7.437775590671306247e+01,-7.354055448954866847e+01,-7.326796381456780693e+01
1.064999999999992930e+01,-7.435753695469107072e+01,-7.352412612344646448e+01,-7.325279619435005429e+01
1.067499999999992788e+01,-7.433695822911205653e+01,-7.350725028992445687e+01,-7.323714951703600207e+01
1.069999999999992646e+01,-7.431603966783504234e+01,-7.348995559772561137e+01,-7.322105551439814519e+01
1.072499999999992504e+01,-7.429479961035256963e+01,-7.347226820660469571e+01,-7.320454316166781439e+01
1.074999999999992362e+01,-7.427325494266678163e+01,-7.345421205809542187e+01,-7.318763893952471733e+01
1.077499999999992220e+01,-7.425142122843267600e+01,-7.343580908349385084e+01,-7.317036706999635953e+01
1.079999999999992077e+01,-7.422931282773119221e+01,-7.341707939141041095e+01,-7.315274972898313877e+01
1.082499999999991935e+01,-7.420694300469331495e+01,-7.339804143699022632e+01,-7.313480723783058579e+01
1.084999999999991793e+01,-7.418432402507077938e+01,-7.337871217467662177e+01,-7.311655823610952609e+01
1.087499999999991651e+01,-7.416146724473632901e+01,-7.335910719619297993e+01,-7.309801983753263244e+01
1.089999999999991509e+01,-7.413838318999596311e+01,-7.333924085524017755e+01,-7.307920777072985175e+01
1.092499999999991367e+01,-7.411508163050618236e+01,-7.331912638024873274e+01,-7.306013650642184132e+01
1.094999999999991225e+01,-7.409157164550867947e+01,-7.329877597638403586e+01,-7.304081937236722410e+01
1.097499999999991083e+01,-7.406786168402335591e+01,-7.327820091787739898e+01,-7.302126865731464989e+01
1.099999999999990941e+01,-7.404395961957611405e+01,-7.325741163164387615e+01,-7.300149570506087571e+01
1.102499999999990798e+01,-7.401987279998058966e+01,-7.323641777304824529e+01,-7.298151099960136889e+01
1.104999999999990656e+01,-7.399560809264107775e+01,-7.321522829459131287e+01,-7.296132424225687885e+01
1.107499999999990514e+01,-7.397117191940590430e+01,-7.319385150701252485e+01,-7.294094442114422350e+01
1.109999999999990372e+01,-7.394657027347042799e+01,-7.317229513089944248e+01,-7.292037987247795172e+01
1.112499999999990230e+01,-7.392180879378962288e+01,-7.315056635135940155e+01,-7.289963833770782742e+01
1.114999999999990088e+01,-7.389689279194078608e+01,-7.312867186741581804e+01,-7.287872701671199138e+01
1.117499999999989946e+01,-7.387182727796540860e+01,-7.310661793572039358e+01,-7.285765261646237434e+01
1.119999999999989804e+01,-7.384661698457003354e+01,-7.308441040960848056e+01,-7.283642139509218794e+01
1.122499999999989662e+01,-7.382126638958455089e+01,-7.306205477428031259e+01,-7.281503920167696720e+01
1.124999999999989519e+01,-7.379577973671085545e+01,-7.303955617863853433e+01,-7.279351151216032179e+01
1.127499999999989377e+01,-7.377016105464166174e+01,-7.301691946417658130e+01,-7.277184346185018171e+01
1.129999999999989235e+01,-7.374441417464736048e+01,-7.299414919123626078e+01,-7.275003987486518042e+01
1.132499999999989093e+01,-7.371854274673479779e+01,-7.297124966290387249e+01,-7.272810529086136455e+01
1.134999999999988951e+01,-7.369255025448202900e+01,-7.294822494677870850e+01,-7.270604398932448476e+01
1.137499999999988809e+01,-7.366644002864987328e+01,-7.292507889481913708e+01,-7.268386001167549182e+01
1.139999999999988667e+01,-7.364021525966668946e+01,-7.290181516144851059e+01,-7.266155718140623776e+01
1.142499999999988525e+01,-7.361387900907679693e+01,-7.287843722008285852e+01,-7.263913912243582160e+01
1.144999999999988383e+01,-7.358743422003712453e+01,-7.285494837822571412e+01,-7.261660927585690217e+01
1.147499999999988241e+01,-7.356088372694050292e+01,-7.283135179126031744e+01,-7.259397091522214396e+01
1.149999999999988098e+01,-7.353423026423800479e+01,-7.280765047505667553e+01,-7.257122716050547240e+01
1.152499999999987956e+01,-7.350747647452693911e+01,-7.278384731749918046e+01,-7.254838099085878866e+01
1.154999999999987814e+01,-7.348062491596587620e+01,-7.275994508903062297e+01,-7.252543525627274335e+01
1.157499999999987672e+01,-7.345367806907260899e+01,-7.273594645229924538e+01,-7.250239268823941075e+01
1.159999999999987530e+01,-7.342663834295673553e+01,-7.271185397098722092e+01,-7.247925590950545427e+01
1.162499999999987388e+01,-7.339950808103378677e+01,-7.268767011789189780e+01,-7.245602744299579001e+01
1.164999999999987246e+01,-7.337228956626395870e+01,-7.266339728232446760e+01,-7.243270971998028074e+01
1.167499999999987104e+01,-7.334498502595494074e+01,-7.263903777688470598e+01,-7.240930508754925654e+01
1.169999999999986962e+01,-7.331759663616473688e+01,-7.261459384366538927e+01,-7.238581581545773247e+01
1.172499999999986819e+01,-7.329012652573749165e+01,-7.259006765993503052e+01,-7.236224410239243809e+01
1.174999999999986677e+01,-7.326257678000239082e+01,-7.256546134334291764e+01,-7.233859208171122646e+01
1.177499999999986535e+01,-7.323494944416326291e+01,-7.254077695668729575e+01,-7.231486182669971186e+01
1.179999999999986393e+01,-7.320724652640400620e+01,-7.251601651228291701e+01,-7.229105535538595007e+01
1.182499999999986251e+01,-7.317947000073300501e+01,-7.249118197596190782e+01,-7.226717463495072025e+01
1.184999999999986109e+01,-7.315162180958755300e+01,-7.246627527073830777e+01,-7.224322158576704567e+01
1.187499999999985967e+01,-7.312370386621775253e+01,-7.244129828016430395e+01,-7.221919808510028815e+01
1.189999999999985825e+01,-7.309571805686753976e+01,-7.241625285140355572e+01,-7.219510597049678324e+01
1.192499999999985683e+01,-7.306766624276906441e+01,-7.239114079804505764e+01,-7.217094704288706453e+01
1.194999999999985540e+01,-7.303955026196540246e+01,-7.236596390267867207e+01,-7.214672306942711089e+01
1.197499999999985398e+01,-7.301137193097517297e+01,-7.234072391925188583e+01,-7.212243578609924555e+01
1.199999999999985256e+01,-7.298313304631167853e+01,-7.231542257522563943e+01,-7.209808690009232635e+01
1.202499999999985114e+01,-7.295483533421359823e+01,-7.229006156387262649e+01,-7.207367808855421742e+01
1.204999999999984972e+01,-7.292648048524522153e+01,-7.226464254378983298e+01,-7.204921099712878174e+01
1.207499999999984830e+01,-7.289807019682264411e+01,-7.223916714759378976e+01,-7.202468724212130269e+01
1.209999999999984688e+01,-7.286960616720402584e+01,-7.221363698834110778e+01,-7.200010841464683153e+01
1.212499999999984546e+01,-7.284109009199659113e+01,-7.218805366329836204e+01,-7.197547608482412329e+01
1.214999999999984404e+01,-7.281252366193734815e+01,-7.216241875621096824e+01,-7.195079180521997841e+01
1.217499999999984261e+01,-7.278390856145487930e+01,-7.213673383876786716e+01,-7.192605711344575070e+01
1.219999999999984119e+01,-7.275524646774670146e+01,-7.211100047160601889e+01,-7.190127353404895416e+01
1.222499999999983977e+01,-7.272653905020702325e+01,-7.208522020503254168e+01,-7.187644257987878404e+01
1.224999999999983835e+01,-7.269778797009402638e+01,-7.205939457956469596e+01,-7.185156575307723870e+01
1.227499999999983693e+01,-7.266899488036017374e+01,-7.203352512634918980e+01,-7.182664454580925906e+01
1.229999999999983551e+01,-7.264016142559198386e+01,-7.200761336749984309e+01,-7.180168044081270295e+01
1.232499999999983409e+01,-7.261128924202127166e+01,-7.198166081637901925e+01,-7.177667491182424442e+01
1.234999999999983267e+01,-7.258237995758126715e+01,-7.195566897783899662e+01,-7.175162942391935417e+01
1.237499999999983125e+01,-7.255343519198872571e+01,-7.192963934843430707e+01,-7.172654543379232450e+01
1.239999999999982983e+01,-7.252445655683885661e+01,-7.190357341661119506e+01,-7.170142438999332057e+01
1.242499999999982840e+01,-7.249544565570393218e+01,-7.187747266287887271e+01,-7.167626773313386934e+01
1.244999999999982698e+01,-7.246640408422928203e+01,-7.185133855996467389e+01,-7.165107689606803376e+01
1.247499999999982556e+01,-7.243733343022242366e+01,-7.182517257295471325e+01,-7.162585330405394757e+01
1.249999999999982414e+01,-7.240823527373251522e+01,-7.179897615942097389e+01,-7.160059837489868073e+01
1.252499999999982272e+01,-7.237911118711855352e+01,-7.177275076953510791e+01,-7.157531351908822614e+01
1.254999999999982130e+01,-7.234996273510519416e+01,-7.174649784616933346e+01,-7.155000013990354546e+01
1.257499999999981988e+01,-7.232079147482582471e+01,-7.172021882498462730e+01,-7.152465963352372569e+01
1.259999999999981846e+01,-7.229159895585291906e+01,-7.169391513450634079e+01,-7.149929338911626076e+01
1.262499999999981704e+01,-7.226238672021575837e+01,-7.166758819618748078e+01,-7.147390278891514015e+01
1.264999999999981561e+01,-7.223315630240593066e+01,-7.164123942445992554e+01,-7.144848920828685834e+01
1.267499999999981419e+01,-7.220390922937124856e+01,-7.161487022677391678e+01,-7.142305401578458657e+01
1.269999999999981277e+01,-7.217464702049845471e+01,-7.158848200362609759e+01,-7.139759857319104697e+01
1.272499999999981135e+01,-7.214537118758563849e+01,-7.156207614857655130e+01,-7.137212423555014595e+01
1.274999999999980993e+01,-7.211608323480474780e+01,-7.153565404825540952e+01,-7.134663235118796365e+01
1.277499999999980851e+01,-7.208678465865513374e+01,-7.150921708235929941e+01,-7.132112426172349728e+01
1.279999999999980709e+01,-7.205747694790856883e+01,-7.148276662363832656e+01,-7.129560130206942858e+01
1.282499999999980567e+01,-7.202816158354663401e+01,-7.145630403787407658e+01,-7.127006480042366832e+01
1.284999999999980425e+01,-7.199884003869092908e+01,-7.142983068384904755e+01,-7.124451607825197641e+01
1.287499999999980282e+01,-7.196951377223129498e+01,-7.140334791212944765e+01,-7.121895644984476803e+01
1.289999999999980140e+01,-7.194018408241467455e+01,-7.137685703657825798e+01,-7.119338721189038210e+01
1.292499999999979998e+01,-7.191085230607198753e+01,-7.135035934670015934e+01,-7.116780963986460051e+01
1.294999999999979856e+01,-7.188151980364328608e+01,-7.132385611957883498e+01,-7.114222499103320274e+01
1.297499999999979714e+01,-7.185218795035768835e+01,-7.129734862620036040e+01,-7.111663450942343445e+01
1.299999999999979572e+01,-7.182285813021763943e+01,-7.127083813441926452e+01,-7.109103943022098804e+01
1.302499999999979430e+01,-7.179353173165671365e+01,-7.124432591022379313e+01,-7.106544098290338241e+01
1.304999999999979288e+01,-7.176421014431679168e+01,-7.121781321811380394e+01,-7.103984039319064436e+01
1.307499999999979146e+01,-7.173489475661395431e+01,-7.119130132099058983e+01,-7.101423888409259177e+01
1.309999999999979003e+01,-7.170558695387482828e+01,-7.116479147977300102e+01,-7.098863767632423105e+01
1.312499999999978861e+01,-7.167628811689129975e+01,-7.113828495286546172e+01,-7.096303798830295761e+01
1.314999999999978719e+01,-7.164699962078537965e+01,-7.111178299555561466e+01,-7.093744103588271344e+01
1.317499999999978577e+01,-7.161772283410576279e+01,-7.108528685938996716e+01,-7.091184803193252151e+01
1.319999999999978435e+01,-7.158845911809909524e+01,-7.105879779155810638e+01,-7.088626018583298105e+01
1.322499999999978293e+01,-7.155920982611401371e+01,-7.103231703430321886e+01,-7.086067870293894089e+01
1.324999999999978151e+01,-7.152997630310700572e+01,-7.100584582436918879e+01,-7.083510478403968591e+01
1.327499999999978009e+01,-7.150075988522715420e+01,-7.097938539248893619e+01,-7.080953962483576447e+01
1.329999999999977867e+01,-7.147156189946258564e+01,-7.095293696291534502e+01,-7.078398441544403852e+01
1.332499999999977724e+01,-7.144238366333567569e+01,-7.092650175299384330e+01,-7.075844033993644189e+01
1.334999999999977582e+01,-7.141322648463726352e+01,-7.090008097277463150e+01,-7.073290857591499048e+01
1.337499999999977440e+01,-7.138409166119232907e+01,-7.087367582466173133e+01,-7.070739029412298748e+01
1.339999999999977298e+01,-7.135498048065144872e+01,-7.084728750309560041e+01,-7.068188665809093152e+01
1.342499999999977156e+01,-7.132589422030339676e+01,-7.082091719426638576e+01,-7.065639882381525183e+01
1.344999999999977014e+01,-7.129683414690556731e+01,-7.079456607585431982e+01,-7.063092793946695735e+01
1.347499999999976872e+01,-7.126780151652934592e+01,-7.076823531679478663e+01,-7.060547514512776957e+01
1.349999999999976730e+01,-7.123879757441822846e+01,-7.074192607706491742e+01,-7.058004157255091116e+01
1.352499999999976588e+01,-7.120982355485696758e+01,-7.071563950748969773e+01,-7.055462834494403523e+01
1.354999999999976446e+01,-7.118088068105029720e+01,-7.068937674956501382e+01,-7.052923657677185076e+01
1.357499999999976303e+01,-7.115197016501004157e+01,-7.066313893529600421e+01,-7.050386737357646894e+01
1.359999999999976161e+01,-7.112309320744981278e+01,-7.063692718704882623e+01,-7.047852183181323937e+01
1.362499999999976019e+01,-7.109425099768628797e+01,-7.061074261741433133e+01,-7.045320103870056982e+01
1.364999999999975877e+01,-7.106544471354669668e+01,-7.058458632908249797e+01,-7.042790607208203824e+01
1.367499999999975735e+01,-7.103667552128173668e+01,-7.055845941472634308e+01,-7.040263800029947561e+01
1.369999999999975593e+01,-7.100794457548371952e+01,-7.053236295689424651e+01,-7.037739788207601066e+01
1.372499999999975451e+01,-7.097925301900939132e+01,-7.050629802791014811e+01,-7.035218676640768365e+01
1.374999999999975309e+01,-7.095060179757874153e+01,-7.048026565507636576e+01,-7.032700568017433795e+01
1.377499999999975167e+01,-7.092199182405316549e+01,-7.045426682075107294e+01,-7.030185561861910060e+01
1.379999999999975024e+01,-7.089342405338854292e+01,-7.042830248119844327e+01,-7.027673754653601179e+01
1.382499999999974882e+01,-7.086489946720350019e+01,-7.040237357926388029e+01,-7.025165240495422836e+01
1.384999999999974740e+01,-7.083641906391636667e+01,-7.037648105086397265e+01,-7.022660111830600727e+01
1.387499999999974598e+01,-7.080798385178816545e+01,-7.035062582808993170e+01,-7.020158460007283452e+01
1.389999999999974456e+01,-7.077959484381530331e+01,-7.032480884054983505e+01,-7.017660375662262595e+01
1.392499999999974314e+01,-7.075125305390231745e+01,-7.029903101574770119e+01,-7.015165948954175690e+01
1.394999999999974172e+01,-7.072295949395508785e+01,-7.027329327891277444e+01,-7.012675269686337742e+01
1.397499999999974030e+01,-7.069471517164960517e+01,-7.024759655251430956e+01,-7.010188427353759266e+01
1.399999999999973888e+01,-7.066652108870277971e+01,-7.022194175560591134e+01,-7.007705511140423482e+01
1.402499999999973745e+01,-7.063837823951996597e+01,-7.019632980309090442e+01,-7.005226609885505695e+01
1.404999999999973603e+01,-7.061028761012785537e+01,-7.017076160496711168e+01,-7.002751812031466727e+01
1.407499999999973461e+01,-7.058225017732532081e+01,-7.014523806558770502e+01,-7.000281205562856712e+01
1.409999999999973319e+01,-7.055426690800257461e+01,-7.011976008296035445e+01,-6.997814877941642919e+01
1.412499999999973177e+01,-7.052633875859126533e+01,-7.009432854809702462e+01,-6.995352916042840263e+01
1.414999999999973035e+01,-7.049846667461783056e+01,-7.006894434442018849e+01,-6.992895406092813460e+01
1.417499999999972893e+01,-7.047065159033873272e+01,-7.004360834722726281e+01,-6.990442433611589479e+01
1.419999999999972751e+01,-7.044289442844181792e+01,-7.001832142321191554e+01,-6.987994083359900799e+01
1.422499999999972609e+01,-7.041519609980100824e+01,-6.999308443003977231e+01,-6.985550439291237979e+01
1.424999999999972466e+01,-7.038755750327506178e+01,-6.996789821597474202e+01,-6.983111584508878877e+01
1.427499999999972324e+01,-7.035997952554258461e+01,-6.994276361955179766e+01,-6.980677601227735352e+01
1.429999999999972182e+01,-7.033246304096743984e+01,-6.991768146929224770e+01,-6.978248570740706214e+01
1.432499999999972040e+01,-7.030500891148980713e+01,-6.989265258345702136e+01,-6.975824573389212446e+01
1.434999999999971898e+01,-7.027761798653887126e+01,-6.986767776983450062e+01,-6.973405688537540925e+01
1.437499999999971756e+01,-7.025029110296419788e+01,-6.984275782555870649e+01,-6.970991994550648485e+01
1.439999999999971614e+01,-7.022302908498306806e+01,-6.981789353695498335e+01,-6.968583568775075321e+01
1.442499999999971472e+01,-7.019583274414168272e+01,-6.979308567940984176e+01,-6.966180487522632347e+01
1.444999999999971330e+01,-7.016870287928847461e+01,-6.976833501726233067e+01,-6.963782826056579722e+01
1.447499999999971187e+01,-7.014164027655800737e+01,-6.974364230371449480e+01,-6.961390658580017998e+01
1.449999999999971045e+01,-7.011464570936418284e+01,-6.971900828075870038e+01,-6.959004058226237532e+01
1.452499999999970903e+01,-7.008771993840166203e+01,-6.969443367912006693e+01,-6.956623097050811566e+01
1.454999999999970761e+01,-7.006086371165466176e+01,-6.966991921821200151e+01,-6.954247846025243973e+01
1.457499999999970619e+01,-7.003407776441224541e+01,-6.964546560610365589e+01,-6.951878375031978408e+01
1.459999999999970477e+01,-7.000736281928951144e+01,-6.962107353949785704e+01,-6.949514752860631006e+01
1.462499999999970335e+01,-6.998071958625401123e+01,-6.959674370371830321e+01,-6.947157047205313063e+01
1.464999999999970193e+01,-6.995414849592812345e+01,-6.957247672275805428e+01,-6.944805322894275434e+01
1.467499999999970051e+01,-6.992764993295679687e+01,-6.954827315891974138e+01,-6.942459640511032148e+01
1.469999999999969909e+01,-6.990122434329683188e+01,-6.952413353940825402e+01,-6.940120056537858773e+01
1.472499999999969766e+01,-6.987487221363957701e+01,-6.950005837447625368e+01,-6.937786624294614057e+01
1.474999999999969624e+01,-6.984859405834126278e+01,-6.947604816695088914e+01,-6.935459394963096713e+01
1.477499999999969482e+01,-6.982239041022076265e+01,-6.945210341701124435e+01,-6.933138418408194070e+01
1.479999999999969340e+01,-6.979626181380700700e+01,-6.942822462447219323e+01,-6.930823743750038091e+01
1.482499999999969198e+01,-6.977020882027980520e+01,-6.940441228968394682e+01,-6.928515419726127789e+01
1.484999999999969056e+01,-6.974423198362987364e+01,-6.938066691362350014e+01,-6.926213494897669420e+01
1.487499999999968914e+01,-6.971833185771529884e+01,-6.935698899750826740e+01,-6.923918017747315901e+01
1.489999999999968772e+01,-6.969250899398579691e+01,-6.933337904213614422e+01,-6.921629036704408122e+01
1.492499999999968630e+01,-6.966676393970921310e+01,-6.930983754708336164e+01,-6.919346600123705571e+01
1.494999999999968487e+01,-6.964109723657944073e+01,-6.928636500984555369e+01,-6.917070756235864337e+01
1.497499999999968345e+01,-6.961550941961642991e+01,-6.926296192497721904e+01,-6.914801553082195085e+01
1.499999999999968203e+01,-6.959000101629222002e+01,-6.923962878326366877e+01,-6.912539038442163530e+01
1.502499999999968061e+01,-6.956457254583324357e+01,-6.921636607094615101e+01,-6.910283259759194152e+01
1.504999999999967919e+01,-6.953922451866189647e+01,-6.919317426901096724e+01,-6.908034264068358254e+01
1.507499999999967777e+01,-6.951395743594879661e+01,-6.917005385254714156e+01,-6.905792097928102180e+01
1.509999999999967635e+01,-6.948877178925441456e+01,-6.914700529017325437e+01,-6.903556807357257696e+01
1.512499999999967493e+01,-6.946366806024300899e+01,-6.912402904353123745e+01,-6.901328437777907254e+01
1.514999999999967351e+01,-6.943864672045606312e+01,-6.910112556684354956e+01,-6.899107033964263280e+01
1.517499999999967208e+01,-6.941370823113487631e+01,-6.907829530652905703e+01,-6.896892639997471974e+01
1.519999999999967066e+01,-6.938885304308409729e+01,-6.905553870087294399e+01,-6.894685299226038921e+01
1.522499999999966924e+01,-6.936408159656967598e+01,-6.903285617974547961e+01,-6.892485054231529773e+01
1.524999999999966782e+01,-6.933939432124593338e+01,-6.901024816436492415e+01,-6.890291946799111145e+01
1.527499999999966640e+01,-6.931479163610728733e+01,-6.898771506709988444e+01,-6.888106017892516775e+01
1.529999999999966498e+01,-6.929027394946106710e+01,-6.896525729130709692e+01,-6.885927307632996985e+01
1.532499999999966356e+01,-6.926584165891847533e+01,-6.894287523120038941e+01,-6.883755855281854963e+01
1.534999999999966214e+01,-6.924149515140106814e+01,-6.892056927174749603e+01,-6.881591699226186165e+01
1.537499999999966072e+01,-6.921723480316065036e+01,-6.889833978859152808e+01,-6.879434876967462742e+01
1.539999999999965929e+01,-6.919306097981082360e+01,-6.887618714799403108e+01,-6.877285425112651751e+01
1.542499999999965787e+01,-6.916897403636849617e+01,-6.885411170679722659e+01,-6.875143379367573004e+01
1.544999999999965645e+01,-6.914497431730421795e+01,-6.883211381240315063e+01,-6.873008774532226539e+01
1.547499999999965503e+01,-6.912106215659999009e+01,-6.881019380276750042e+01,-6.870881644497877971e+01
1.549999999999965361e+01,-6.909723787781369708e+01,-6.878835200640656922e+01,-6.868762022245662990e+01
1.552499999999965219e+01,-6.907350179414922309e+01,-6.876658874241552155e+01,-6.866649939846554673e+01
1.554999999999965077e+01,-6.904985420853151368e+01,-6.874490432049681488e+01,-6.864545428462514565e+01
1.557499999999964935e+01,-6.902629541368595767e+01,-6.872329904099724729e+01,-6.862448518348685411e+01
1.559999999999964793e+01,-6.900282569222147799e+01,-6.870177319495275015e+01,-6.860359238856489128e+01
1.562499999999964650e+01,-6.897944531671684842e+01,-6.868032706413991662e+01,-6.858277618437540468e+01
1.564999999999964508e+01,-6.895615412448364623e+01,-6.865896084148769773e+01,-6.856203681827996377e+01
1.567499999999964366e+01,-6.893295199031771858e+01,-6.863767464939742524e+01,-6.854137448523366061e+01
1.569999999999964224e+01,-6.890983886699818584e+01,-6.861646857435471247e+01,-6.852078933250307102e+01
1.572499999999964082e+01,-6.888681476214492250e+01,-6.859534268822514491e+01,-6.850028147279508062e+01
1.574999999999963940e+01,-6.886387972306314964e+01,-6.857429705940697318e+01,-6.847985099745734772e+01
1.577499999999963798e+01,-6.884103382593443143e+01,-6.855333175856678452e+01,-6.845949798679009746e+01
1.579999999999963656e+01,-6.881827716782245830e+01,-6.853244686148558173e+01,-6.843922251718760208e+01
1.582499999999963514e+01,-6.879560986064592498e+01,-6.851164245025881883e+01,-6.841902466568066643e+01
1.584999999999963372e+01,-6.877303202657628844e+01,-6.849091861351175226e+01,-6.839890451256563608e+01
1.587499999999963229e+01,-6.875054379448781106e+01,-6.847027544601898796e+01,-6.837886214269865093e+01
1.589999999999963087e+01,-6.872814529719421728e+01,-6.844971304797326184e+01,-6.835889764589272488e+01
1.592499999999962945e+01,-6.870583666927932143e+01,-6.842923152406369525e+01,-6.833901111673334583e+01
1.594999999999962803e+01,-6.868361804538011484e+01,-6.840883098246939653e+01,-6.831920265403476833e+01
1.597499999999962661e+01,-6.866148955881783422e+01,-6.838851153383711790e+01,-6.829947236009014944e+01
1.599999999999962519e+01,-6.863945134049913577e+01,-6.836827329028706401e+01,-6.827982033982014798e+01
1.602499999999962554e+01,-6.861750351802926673e+01,-6.834811636447362559e+01,-6.826024669988922255e+01
1.604999999999962412e+01,-6.859564621499286829e+01,-6.832804086871608718e+01,-6.824075154783473351e+01
1.607499999999962270e+01,-6.857387955036922733e+01,-6.830804691420638619e+01,-6.822133499123708589e+01
1.609999999999962128e+01,-6.855220363805598538e+01,-6.828813461029598386e+01,-6.820199713694707100e+01
1.612499999999961986e+01,-6.853061858648150917e+01,-6.826830406386029892e+01,-6.818273809037890487e+01
1.614999999999961844e+01,-6.850912449829012019e+01,-6.824855537873705202e+01,-6.816355795487213243e+01
1.617499999999961702e+01,-6.848772147008804723e+01,-6.822888865523408697e+01,-6.814445683112197116e+01
1.619999999999961560e+01,-6.846640959223999801e+01,-6.820930398970085662e+01,-6.812543481667553635e+01
1.622499999999961418e+01,-6.844518894870843440e+01,-6.818980147415847171e+01,-6.810649200549006821e+01
1.624999999999961275e+01,-6.842405961692915639e+01,-6.817038119598242929e+01,-6.808762848754876984e+01
1.627499999999961133e+01,-6.840302166771758152e+01,-6.815104323763304706e+01,-6.806884434852926802e+01
1.629999999999960991e+01,-6.838207516520149909e+01,-6.813178767642840228e+01,-6.805013966951983662e+01
1.632499999999960849e+01,-6.836122016677639124e+01,-6.811261458435538430e+01,-6.803151452677889210e+01
1.634999999999960707e+01,-6.834045672308025132e+01,-6.809352402791444092e+01,-6.801296899153312836e+01
1.637499999999960565e+01,-6.831978487798514266e+01,-6.807451606799433819e+01,-6.799450312981012701e+01
1.639999999999960423e+01,-6.829920466860328077e+01,-6.805559075977352279e+01,-6.797611700230184795e+01
1.642499999999960281e+01,-6.827871612530560697e+01,-6.803674815264469089e+01,-6.795781066425529104e+01
1.644999999999960139e+01,-6.825831927175116220e+01,-6.801798829016024683e+01,-6.793958416538742995e+01
1.647499999999959996e+01,-6.823801412492579743e+01,-6.799931120999566758e+01,-6.792143754982130588e+01
1.649999999999959854e+01,-6.821780069518892731e+01,-6.798071694392896802e+01,-6.790337085604106448e+01
1.652499999999959712e+01,-6.819767898632720460e+01,-6.796220551783405028e+01,-6.788538411686343466e+01
1.654999999999959570e+01,-6.817764899561416314e+01,-6.794377695168634546e+01,-6.786747735942374504e+01
1.657499999999959428e+01,-6.815771071387499092e+01,-6.792543125957909922e+01,-6.784965060517468771e+01
1.659999999999959286e+01,-6.813786412555558059e+01,-6.790716844974896560e+01,-6.783190386989618048e+01
1.662499999999959144e+01,-6.811810920879537434e+01,-6.788898852460982880e+01,-6.781423716371496369e+01
1.664999999999959002e+01,-6.809844593550323566e+01,-6.787089148079344625e+01,-6.779665049113269504e+01
1.667499999999958860e+01,-6.807887427143606374e+01,-6.785287730919640126e+01,-6.777914385106132045e+01
1.669999999999958717e+01,-6.805939417627949695e+01,-6.783494599503220002e+01,-6.776171723686499604e+01
1.672499999999958575e+01,-6.804000560373040685e+01,-6.781709751788790186e+01,-6.774437063640735346e+01
1.674999999999958433e+01,-6.802070850158094117e+01,-6.779933185178470012e+01,-6.772710403210366792e+01
1.677499999999958291e+01,-6.800150281180359002e+01,-6.778164896524167204e+01,-6.770991740097701950e+01
1.679999999999958149e+01,-6.798238847063721835e+01,-6.776404882134244190e+01,-6.769281071471800715e+01
1.682499999999958007e+01,-6.796336487766785694e+01,-6.774653127836914734e+01,-6.767578390453751069e+01
1.684999999999957865e+01,-6.794443151051618202e+01,-6.772909611725502543e+01,-6.765883684374973939e+01
1.687499999999957723e+01,-6.792558794162559366e+01,-6.771174308251303842e+01,-6.764196935410727463e+01
1.689999999999957581e+01,-6.790683381245955275e+01,-6.769447190676218895e+01,-6.762518122156143363e+01
1.692499999999957438e+01,-6.788816881643532497e+01,-6.767728232363089091e+01,-6.760847221184765488e+01
1.694999999999957296e+01,-6.786959268668147160e+01,-6.766017407450054577e+01,-6.759184208262050220e+01
1.697499999999957154e+01,-6.785110518693647919e+01,-6.764314691193519025e+01,-6.757529059188181009e+01
1.699999999999957012e+01,-6.783270610464900585e+01,-6.762620060119853349e+01,-6.755881750338261327e+01
1.702499999999956870e+01,-6.781439524567640831e+01,-6.760933492061006689e+01,-6.754242258979307678e+01
1.704999999999956728e+01,-6.779617243016600980e+01,-6.759254966118676577e+01,-6.752610563430776836e+01
1.707499999999956586e+01,-6.777803748932227279e+01,-6.757584462585487017e+01,-6.750986643119138364e+01
1.709999999999956444e+01,-6.775999026284429760e+01,-6.755921962841908623e+01,-6.749370478562974540e+01
1.712499999999956302e+01,-6.774203059687538087e+01,-6.754267449241443444e+01,-6.747762051314454368e+01
1.714999999999956160e+01,-6.772415834234732301e+01,-6.752620904992303963e+01,-6.746161343875077421e+01
1.717499999999956017e+01,-6.770637335363225873e+01,-6.750982314040950882e+01,-6.744568339598001216e+01
1.719999999999955875e+01,-6.768867548743656926e+01,-6.749351660960800814e+01,-6.742983022585190156e+01
1.722499999999955733e+01,-6.767106460188712447e+01,-6.747728930848091977e+01,-6.741405377584834469e+01
1.724999999999955591e+01,-6.765354055577229531e+01,-6.746114109225887034e+01,-6.739835389892482453e+01
1.727499999999955449e+01,-6.763610320790857600e+01,-6.744507181956603858e+01,-6.738273045257969329e+01
1.729999999999955307e+01,-6.761875241661017810e+01,-6.742908135163057182e+01,-6.736718329799255400e+01
1.732499999999955165e+01,-6.760148803924404604e+01,-6.741316955157680013e+01,-6.735171229923706449e+01
1.734999999999955023e+01,-6.758430993185609736e+01,-6.739733628379495656e+01,-6.733631732256858982e+01
1.737499999999954881e+01,-6.756721794885739030e+01,-6.738158141338288942e+01,-6.732099823578496967e+01
1.739999999999954738e+01,-6.755021194276120866e+01,-6.736590480565396888e+01,-6.730575490765669144e+01
1.742499999999954596e+01,-6.753329176396344735e+01,-6.735030632570536113e+01,-6.729058720742187916e+01
1.744999999999954454e+01,-6.751645726056024444e+01,-6.733478583804100026e+01,-6.727549500434126628e+01
1.747499999999954312e+01,-6.749970827819744557e+01,-6.731934320624382906e+01,-6.726047816730775253e+01
1.749999999999954170e+01,-6.748304465994792167e+01,-6.730397829269220722e+01,-6.724553656450561334e+01
1.752499999999954028e+01,-6.746646624621259036e+01,-6.728869095831595359e+01,-6.723067006311467253e+01
1.754999999999953886e+01,-6.744997287464246938e+01,-6.727348106238757453e+01,-6.721587852905449267e+01
1.757499999999953744e+01,-6.743356438007857889e+01,-6.725834846234495501e+01,-6.720116182676480321e+01
1.759999999999953602e+01,-6.741724059450775997e+01,-6.724329301364186051e+01,-6.718651981901797399e+01
1.762499999999953459e+01,-6.740100134703209278e+01,-6.722831456962320829e+01,-6.717195236676010950e+01
1.764999999999953317e+01,-6.738484646385032306e+01,-6.721341298142220921e+01,-6.715745932897768000e+01
1.767499999999953175e+01,-6.736877576824964819e+01,-6.719858809787677956e+01,-6.714304056258656317e+01
1.769999999999953033e+01,-6.735278908060652725e+01,-6.718383976546314784e+01,-6.712869592234119409e+01
1.772499999999952891e+01,-6.733688621839547750e+01,-6.716916782824441157e+01,-6.711442526076120885e+01
1.774999999999952749e+01,-6.732106699620452162e+01,-6.715457212783233842e+01,-6.710022842807383370e+01
1.777499999999952607e+01,-6.730533122575673133e+01,-6.714005250336087727e+01,-6.708610527216983144e+01
1.779999999999952465e+01,-6.728967871593671646e+01,-6.712560879146985826e+01,-6.707205563857161223e+01
1.782499999999952323e+01,-6.727410927282164721e+01,-6.711124082629757481e+01,-6.705807937041198841e+01
1.784999999999952180e+01,-6.725862269971594287e+01,-6.709694843948133780e+01,-6.704417630842216624e+01
1.787499999999952038e+01,-6.724321879718930006e+01,-6.708273146016469468e+01,-6.703034629092786645e+01
1.789999999999951896e+01,-6.722789736311734998e+01,-6.706858971501077349e+01,-6.701658915385270632e+01
1.792499999999951754e+01,-6.721265819272466047e+01,-6.705452302822061483e+01,-6.700290473072766417e+01
1.794999999999951612e+01,-6.719750107862971333e+01,-6.704053122155617928e+01,-6.698929285270595813e+01
1.797499999999951470e+01,-6.718242581089143073e+01,-6.702661411436700689e+01,-6.697575334858268548e+01
1.799999999999951328e+01,-6.716743217705702307e+01,-6.701277152362035849e+01,-6.696228604481846958e+01
1.802499999999951186e+01,-6.715251996221090280e+01,-6.699900326393414218e+01,-6.694889076556658836e+01
1.804999999999951044e+01,-6.713768894902436557e+01,-6.698530914761219890e+01,-6.693556733270314396e+01
1.807499999999950901e+01,-6.712293891780593924e+01,-6.697168898468171960e+01,-6.692231556585973351e+01
1.809999999999950759e+01,-6.710826964655217353e+01,-6.695814258293228249e+01,-6.690913528245829411e+01
1.812499999999950617e+01,-6.709368091099869957e+01,-6.694466974795639658e+01,-6.689602629774789477e+01
1.814999999999950475e+01,-6.707917248467143168e+01,-6.693127028319111105e+01,-6.688298842484282147e+01
1.817499999999950333e+01,-6.706474413893784003e+01,-6.691794398996061943e+01,-6.687002147476216862e+01
1.819999999999950191e+01,-6.705039564305810984e+01,-6.690469066751953164e+01,-6.685712525647022630e+01
1.822499999999950049e+01,-6.703612676423620087e+01,-6.689151011309678552e+01,-6.684429957691784807e+01
1.824999999999949907e+01,-6.702193726767062287e+01,-6.687840212193987099e+01,-6.683154424108435876e+01
1.827499999999949765e+01,-6.700782691660491253e+01,-6.686536648735933852e+01,-6.681885905201991704e+01
1.829999999999949623e+01,-6.699379547237776933e+01,-6.685240300077347797e+01,-6.680624381088830432e+01
1.832499999999949480e+01,-6.697984242745710048e+01,-6.683951140175224737e+01,-6.679369829930453761e+01
1.834999999999949338e+01,-6.696596700015351189e+01,-6.682669133295937058e+01,-6.678122224974066512e+01
1.837499999999949196e+01,-6.695216853147077529e+01,-6.681394238154517495e+01,-6.676881533999629426e+01
1.839999999999949054e+01,-6.693844644964039503e+01,-6.680126411366282468e+01,-6.675647720538501062e+01
1.842499999999948912e+01,-6.692480024883832357e+01,-6.678865609352885713e+01,-6.674420745536629340e+01
1.844999999999948770e+01,-6.691122947443957969e+01,-6.677611789343514204e+01,-6.673200568804324462e+01
1.847499999999948628e+01,-6.689773371220859133e+01,-6.676364909899730549e+01,-6.671987150086336271e+01
1.849999999999948486e+01,-6.688431258015128833e+01,-6.675124931175217569e+01,-6.670780449781651100e+01
1.852499999999948344e+01,-6.687096572226771229e+01,-6.673891815017617546e+01,-6.669580429391247378e+01
1.854999999999948201e+01,-6.685769280369881074e+01,-6.672665524972750006e+01,-6.668387051769410334e+01
1.857499999999948059e+01,-6.684449350691227210e+01,-6.671446026228447579e+01,-6.667200281238832815e+01
1.859999999999947917e+01,-6.683136752867162045e+01,-6.670233285522230915e+01,-6.666020083614127145e+01
1.862499999999947775e+01,-6.681831457760158344e+01,-6.669027271029040094e+01,-6.664846426165777871e+01
1.864999999999947633e+01,-6.680533437221194504e+01,-6.667827952239851186e+01,-6.663679277547096547e+01
1.867499999999947491e+01,-6.679242663927745127e+01,-6.666635299838343087e+01,-6.662518607699821871e+01
1.869999999999947349e+01,-6.677959111249734292e+01,-6.665449285580277206e+01,-6.661364387749064520e+01
1.872499999999947207e+01,-6.676682753137656334e+01,-6.664269882178462012e+01,-6.660216589894805850e+01
1.874999999999947065e+01,-6.675413564028508517e+01,-6.663097063194967973e+01,-6.659075187304642895e+01
1.877499999999946922e+01,-6.674151518766149138e+01,-6.661930802941452612e+01,-6.657940154010785250e+01
1.879999999999946780e+01,-6.672896592533510329e+01,-6.660771076387875667e+01,-6.656811464813058876e+01
1.882499999999946638e+01,-6.671648760794602140e+01,-6.659617859079530433e+01,-6.655689095188894555e+01
1.884999999999946496e+01,-6.670407999244724806e+01,-6.658471127062080086e+01,-6.654573021210656236e+01
1.887499999999946354e+01,-6.669174283767590339e+01,-6.657330856814174069e+01,-6.653463219470381773e+01
1.889999999999946212e+01,-6.667947590398328828e+01,-6.656197025187087490e+01,-6.652359667011671718e+01
1.892499999999946070e+01,-6.666727895291514017e+01,-6.655069609350870508e+01,-6.651262341268405009e+01
1.894999999999945928e+01,-6.665515174693523193e+01,-6.653948586746425065e+01,-6.650171220009812600e+01
1.897499999999945786e+01,-6.664309404918641633e+01,-6.652833935042978908e+01,-6.649086281291440059e+01
1.899999999999945643e+01,-6.663110562328418496e+01,-6.651725632100436769e+01,-6.648007503411507457e+01
1.902499999999945501e+01,-6.661918623313859200e+01,-6.650623655936139755e+01,-6.646934864872172000e+01
1.904999999999945359e+01,-6.660733564280094754e+01,-6.649527984695561145e+01,-6.645868344345251444e+01
1.907499999999945217e+01,-6.659555361633231030e+01,-6.648438596626563424e+01,-6.644807920641952137e+01
1.909999999999945075e+01,-6.658383991769095189e+01,-6.647355470056808713e+01,-6.643753572686205189e+01
1.912499999999944933e+01,-6.657219431063667514e+01,-6.646278583374011362e+01,-6.642705279491245562e+01
1.914999999999944791e+01,-6.656061655864982640e+01,-6.645207915008708710e+01,-6.641663020139078810e+01
1.917499999999944649e+01,-6.654910642486333927e+01,-6.644143443419288531e+01,-6.640626773762554080e+01
1.919999999999944507e+01,-6.653766367200616116e+01,-6.643085147079008834e+01,-6.639596519529723651e+01
1.922499999999944365e+01,-6.652628806235682646e+01,-6.642033004464802559e+01,-6.638572236630274404e+01
1.924999999999944222e+01,-6.651497935770584036e+01,-6.640986994047669612e+01,-6.637553904263792504e+01
1.927499999999944080e+01,-6.650373731932590715e+01,-6.639947094284461571e+01,-6.636541501629643847e+01
1.929999999999943938e+01,-6.649256170794900811e+01,-6.638913283610911265e+01,-6.635535007918311123e+01
1.932499999999943796e+01,-6.648145228374956162e+01,-6.637885540435775056e+01,-6.634534402304011280e+01
1.934999999999943654e+01,-6.647040880633281290e+01,-6.636863843135941465e+01,-6.633539663938448427e+01
1.937499999999943512e+01,-6.645943103472795599e+01,-6.635848170052409500e+01,-6.632550771945575718e+01
1.939999999999943370e+01,-6.644851872738529153e+01,-6.634838499487020158e+01,-6.631567705417256775e+01
1.942499999999943228e+01,-6.643767164217689469e+01,-6.633834809699872892e+01,-6.630590443409700185e+01
1.944999999999943086e+01,-6.642688953640049476e+01,-6.632837078907331829e+01,-6.629618964940607384e+01
1.947499999999942943e+01,-6.641617216678595526e+01,-6.631845285280547841e+01,-6.628653248986925917e+01
1.949999999999942801e+01,-6.640551928950414151e+01,-6.630859406944449574e+01,-6.627693274483145558e+01
1.952499999999942659e+01,-6.639493066017779199e+01,-6.629879421977138065e+01,-6.626739020320073337e+01
1.954999999999942517e+01,-6.638440603389416594e+01,-6.628905308409625263e+01,-6.625790465344026359e+01
1.957499999999942375e+01,-6.637394516521915477e+01,-6.627937044225888030e+01,-6.624847588356396955e+01
1.959999999999942233e+01,-6.636354780821262977e+01,-6.626974607363200676e+01,-6.623910368113527625e+01
1.962499999999942091e+01,-6.635321371644496935e+01,-6.626017975712684915e+01,-6.622978783326882990e+01
1.964999999999941949e+01,-6.634294264301436783e+01,-6.625067127120072996e+01,-6.622052812663454802e+01
1.967499999999941807e+01,-6.633273434056499696e+01,-6.624122039386655558e+01,-6.621132434746382955e+01
1.969999999999941664e+01,-6.632258856130566471e+01,-6.623182690270363082e+01,-6.620217628155772616e+01
1.972499999999941522e+01,-6.631250505702911369e+01,-6.622249057486989443e+01,-6.619308371429647764e+01
1.974999999999941380e+01,-6.630248357913156099e+01,-6.621321118711524889e+01,-6.618404643065065329e+01
1.977499999999941238e+01,-6.629252387863265028e+01,-6.620398851579582811e+01,-6.617506421519330218e+01
1.979999999999941096e+01,-6.628262570619554594e+01,-6.619482233688900408e+01,-6.616613685211319762e+01
1.982499999999940954e+01,-6.627278881214716932e+01,-6.618571242600908988e+01,-6.615726412522886335e+01
1.984999999999940812e+01,-6.626301294649856288e+01,-6.617665855842358269e+01,-6.614844581800332435e+01
1.987499999999940670e+01,-6.625329785896524015e+01,-6.616766050906983310e+01,-6.613968171355942616e+01
1.989999999999940528e+01,-6.624364329898750725e+01,-6.615871805257201288e+01,-6.613097159469566577e+01
1.992499999999940385e+01,-6.623404901575074177e+01,-6.614983096325839540e+01,-6.612231524390233517e+01
1.994999999999940243e+01,-6.622451475820552957e+01,-6.614099901517877811e+01,-6.611371244337799169e+01
1.997499999999940101e+01,-6.621504027508770207e+01,-6.613222198212211822e+01,-6.610516297504615579e+01
1.999999999999939959e+01,-6.620562531493820302e+01,-6.612349963763406890e+01,-6.609666662057217934e+01
